"{5.501603759361968 + 0.*I, 5.848240478460245 + 0.*I, 6.415068773525679 + 0.*I, 6.954730104541085 + 0.*I, 7.3260127080590784 + 0.*I, 7.448808630800852 + 0.*I, 7.298483704119843 + 0.*I, 6.9053051375088295 + 0.*I, 6.355206756503911 + 0.*I, 5.7966814420995405 + 0.*I}","{5.659374996133535 + 0.*I, 5.6694063988919865 + 0.010553981021206882*I, 6.114189355549046 + 0.0009022766529363884*I, 6.667973025184128 + 0.000014339887223812928*I, 7.124845454913046 + 1.3179006208679994*^-7*I, 7.37464998989543 + 5.073259535331083*^-10*I, 7.364606610781593 + 0.*I, 7.09698427845254 + 0.*I, 6.629357794116215 + 0.*I, 6.078691781904288 + 0.*I}","{5.933974008094759 + 0.*I, 5.821960072444837 + 0.000902276652936385*I, 5.922003817133021 + 0.038184668635935705*I, 6.341418239408607 + 0.013863874349390869*I, 6.82260127974461 + 0.0013679514271843372*I, 7.16446695944605 + 0.00005704560169375433*I, 7.2838914987123475 + 8.234793936539763*^-7*I, 7.157082216264664 + 1.960677334180402*^-9*I, 6.814496864551932 + 0.*I, 6.345431860750929 + 0.*I}","{6.199782675500885 + 0.*I, 6.1018910784706355 + 0.000014339887223812885*I, 6.0675655757993265 + 0.013863874349390844*I, 6.156010076536341 + 0.0723380965465704*I, 6.48399571170674 + 0.035644580326985746*I, 6.851549911396389 + 0.005640135183270959*I, 7.069372843681954 + 0.00031214868291817713*I, 7.074225009913388 + 3.720970236389203*^-6*I, 6.872792078475838 + 1.960726024328376*^-9*I, 6.528768205575294 + 0.*I}","{6.386224808263695 + 0.*I, 6.373923037444371 + 1.3179006208679926*^-7*I, 6.363908145380146 + 0.001367951427184335*I, 6.2991552409515545 + 0.035644580326985746*I, 6.312445354286389 + 0.09996883743176041*I, 6.516426871564979 + 0.05118195372741182*I, 6.757121761341299 + 0.008122934842669864*I, 6.862635476336642 + 0.0003121504938514068*I, 6.792864004668941 + 8.235004232011317*^-7*I, 6.589653186544364 + 0.*I}","{6.452833183622453 + 0.*I, 6.56754002504374 + 5.07325953533105*^-10*I, 6.649586277698571 + 0.00005704560169375423*I, 6.61052189325819 + 0.00564013518327096*I, 6.460239324181967 + 0.05118195372741169*I, 6.35842705280674 + 0.11052290464641702*I, 6.432709110339202 + 0.051182025505690204*I, 6.561094766667706 + 0.005640172054222852*I, 6.589721725418741 + 0.000057047020580876655*I, 6.515978848295058 + 5.073862182247381*^-10*I}","{6.38622591466762 + 0.*I, 6.64121430365608 + 0.*I, 6.852728474691045 + 8.23479393653976*^-7*I, 6.9120624832699304 + 0.00031214868291817735*I, 6.784651871684462 + 0.008122934842669852*I, 6.516426768065378 + 0.051182025505690204*I, 6.28491507463003 + 0.09996900981873445*I, 6.249727998023117 + 0.03564475874895932*I, 6.304043457248403 + 0.001367978773649959*I, 6.322361786917126 + 1.318025546590683*^-7*I}","{6.199784661999913 + 0.*I, 6.580329285270333 + 0.*I, 6.932656506186666 + 1.960677334180392*^-9*I, 7.123651963444671 + 3.7209702363892*^-6*I, 7.096902900623111 + 0.000312150493851406*I, 6.851549738337187 + 0.0056401720542228525*I, 6.456465311966423 + 0.03564475874895932*I, 6.106582821929498 + 0.07233837547466096*I, 6.0077007511589215 + 0.013864042747650122*I, 6.050329742832147 + 0.000014340871022065424*I}","{5.933976414379514 + 0.*I, 6.396992934318528 + 0.*I, 6.874361287858456 + 0.*I, 7.206509165391641 + 1.9607260243283646*^-9*I, 7.3114215623399295 + 8.235004232011285*^-7*I, 7.164466830472745 + 0.00005704702058087661*I, 6.79507090457623 + 0.00136797877364996*I, 6.291990884543441 + 0.013864042747650135*I, 5.862139038070945 + 0.0381849475642668*I, 5.770398622052326 + 0.0009023145437769293*I}","{5.65937706979707 + 0.*I, 6.130252891928526 + 0.*I, 6.689222253879375 + 0.*I, 7.146411262313023 + 0.*I, 7.392136714037277 + 0.*I, 7.374649923170986 + 5.073862182247366*^-10*I, 7.097315204066877 + 1.318025546590692*^-7*I, 6.618545846038591 + 0.000014340871022065495*I, 6.054324591874252 + 0.0009023145437769306*I, 5.61784499949597 + 0.010554153408810447*I}"
"{5.480540916565278 + 0.0105539810212067*I, 5.848240478460246 + 0.*I, 6.422479738684869 + 0.*I, 6.96307290595492 + 0.*I, 7.331250635440216 + 0.*I, 7.448324324286606 + 0.*I, 7.290933500409057 + 5.073008552510447*^-10*I, 6.890580074921736 + 1.3178473569766308*^-7*I, 6.334258391466346 + 0.00001433939631489946*I, 5.770401082023472 + 0.000902249767387995*I}","{5.659374996133537 + 0.*I, 5.690469241688675 + 1.0057532487808786*^-16*I, 6.140469761564457 + 0.*I, 6.688921437134958 + 0.*I, 7.139570575296271 + 0.*I, 7.3822002554420925 + 0.*I, 7.365090973074676 + 0.*I, 7.091746390176539 + 0.*I, 6.62101500412431 + 0.*I, 6.071280786681987 + 0.*I}","{5.941384973253949 + 0.*I, 5.848240478460246 + 0.*I, 5.9616356819961975 + 0.010553981021206818*I, 6.388042019158327 + 0.0009022766529363873*I, 6.852813495939312 + 0.000014339887223813138*I, 7.1810330022960605 + 1.317900620868018*^-7*I, 7.2909323321692545 + 5.073259535331174*^-10*I, 7.157869296838287 + 0.*I, 6.81269414506802 + 0.*I, 6.345431824294292 + 0.*I}","{6.208125476914722 + 0.*I, 6.122839490421468 + 0.*I, 6.114189355549048 + 0.0009022766529363864*I, 6.195856480742299 + 0.038184668635935594*I, 6.526258710163792 + 0.013863874349390896*I, 6.878788827127624 + 0.0013679514271843492*I, 7.080749301719874 + 0.00005704560169375459*I, 7.077154184769043 + 8.234793936539856*^-7*I, 6.872792082880144 + 1.9606773341805338*^-9*I, 6.530570894730008 + 0.*I}","{6.39146273564483 + 0.*I, 6.3886481578275935 + 0.*I, 6.394120361574847 + 0.000014339887223813119*I, 6.3414182394086085 + 0.013863874349390919*I, 6.340850547291528 + 0.07233809654657049*I, 6.540183259089754 + 0.035644580326985885*I, 6.767832253670215 + 0.005640135183270964*I, 6.8626355297386485 + 0.00031214868291817806*I, 6.789934876528868 + 3.7209702363893028*^-6*I, 6.588866108653915 + 1.960726024328454*^-9*I}","{6.452348877108209 + 0.*I, 6.575090290590404 + 0.*I, 6.666152320548582 + 1.3179006208680227*^-7*I, 6.637760808989426 + 0.001367951427184348*I, 6.483995711706742 + 0.035644580326985816*I, 6.368632901669403 + 0.09996883743176042*I, 6.4327092138388045 + 0.05118195372741174*I, 6.5503844473979935 + 0.008122934842669852*I, 6.578345342952124 + 0.00031215049385140863*I, 6.5089380348470165 + 8.235004232011278*^-7*I}","{6.378675710956835 + 5.073008552510441*^-10*I, 6.641698665949163 + 0.*I, 6.859769308147952 + 5.073259535331148*^-10*I, 6.923438941307851 + 0.00005704560169375462*I, 6.795362364013378 + 0.005640135183270959*I, 6.51642687156498 + 0.05118195372741172*I, 6.274709395080565 + 0.1105229046464172*I, 6.225971796395896 + 0.05118202550569028*I, 6.276804633283186 + 0.005640172054222902*I, 6.305795755596816 + 0.000057047020580876614*I}","{6.1850595994128215 + 1.3178473569766293*^-7*I, 6.575091396994331 + 0.*I, 6.933443586760291 + 0.*I, 7.126581138300326 + 8.234793936539864*^-7*I, 7.096902954025117 + 0.0003121486829181777*I, 6.840839419067476 + 0.008122934842669854*I, 6.432709110339203 + 0.05118202550569027*I, 6.078177760686724 + 0.09996900981873431*I, 5.965437864638599 + 0.03564475874895947*I, 6.02011748742648 + 0.0013679787736499583*I}","{5.913028049341949 + 0.000014339396314899515*I, 6.388650144326624 + 0.*I, 6.872558568374544 + 0.*I, 7.206509169795948 + 1.9606773341805276*^-9*I, 7.308492434199858 + 3.7209702363892875*^-6*I, 7.153090448006127 + 0.0003121504938514086*I, 6.767832080611012 + 0.005640172054222905*I, 6.249727998023118 + 0.0356447587489595*I, 5.822292688544978 + 0.07233837547466122*I, 5.723774781336999 + 0.013864042747650084*I}","{5.6330967097209985 + 0.0009022497673879993*I, 6.122841896706224 + 0.*I, 6.6892222174227385 + 0.*I, 7.148213951467736 + 0.*I, 7.391349636146827 + 1.960726024328453*^-9*I, 7.367609109722943 + 8.235004232011294*^-7*I, 7.080749172746569 + 0.00005704702058087685*I, 6.588333590632924 + 0.0013679787736499626*I, 6.007700751158923 + 0.013864042747650098*I, 5.5782130682490205 + 0.038184947564266845*I}"
"{5.4409090517021 + 0.038184668635935615*I, 5.821960072444837 + 0.0009022766529363876*I, 6.415068773525679 + 0.*I, 6.96307290595492 + 0.*I, 7.333053359429732 + 0.*I, 7.447537281945613 + 1.960553173175142*^-9*I, 7.283892733687398 + 8.234483747225116*^-7*I, 6.874014127118995 + 0.00005704387556257176*I, 6.3040463124617485 + 0.0013679183515345097*I, 5.723777383160419 + 0.013863659212192781*I}","{5.6330945901181275 + 0.0009022766529363917*I, 5.6694063988919865 + 0.010553981021206903*I, 6.140469761564457 + 0.*I, 6.69633240229415 + 0.*I, 7.147913376710107 + 0.*I, 7.387438182823229 + 0.*I, 7.364606666560431 + 0.*I, 7.08419618646575 + 5.07300855251069*^-10*I, 6.606289941537218 + 1.3178473569766618*^-7*I, 6.050332421644421 + 0.0000143393963148997*I}","{5.933974008094759 + 0.*I, 5.848240478460247 + 0.*I, 5.982698524792887 + 3.337567867531152*^-17*I, 6.4143224251737365 + 0.*I, 6.873761907890144 + 0.*I, 7.195758122679284 + 0.*I, 7.2984825977159185 + 0.*I, 7.15835365913137 + 0.*I, 6.807456256792019 + 0.*I, 6.3370890343023865 + 0.*I}","{6.208125476914721 + 0.*I, 6.130250455580659 + 0.*I, 6.140469761564457 + 0.*I, 6.2354883456054795 + 0.010553981021206686*I, 6.572882489913513 + 0.000902276652936381*I, 6.909001043322326 + 0.000014339887223812921*I, 7.097315344569884 + 1.3179006208679857*^-7*I, 7.084195018225948 + 5.073259535331235*^-10*I, 6.873579163453767 + 0.*I, 6.528768175246096 + 0.*I}","{6.393265459634346 + 0.*I, 6.396990959241431 + 0.*I, 6.415068773525679 + 0.*I, 6.388042019158328 + 0.0009022766529363854*I, 6.380696951497486 + 0.038184668635935656*I, 6.582446257546806 + 0.01386387434939093*I, 6.7950711694014485 + 0.0013679514271843387*I, 6.874011987776569 + 0.00005704560169375406*I, 6.792864051384523 + 8.234793936539817*^-7*I, 6.58886611305822 + 1.96067733418048*^-9*I}","{6.451561834767214 + 1.960553173175146*^-9*I, 6.580328217971538 + 0.*I, 6.6808774409318055 + 0.*I, 6.667973025184127 + 0.000014339887223812933*I, 6.526258710163794 + 0.013863874349390858*I, 6.397038094674541 + 0.07233809654657043*I, 6.456465601363579 + 0.03564458032698571*I, 6.5610949397269085 + 0.005640135183270923*I, 6.578345396354129 + 0.0003121486829181778*I, 6.506008906706945 + 3.7209702363892316*^-6*I}","{6.371634944235176 + 8.234483747225106*^-7*I, 6.641214359434918 + 0.*I, 6.8673195736946155 + 0.*I, 6.940004984157861 + 1.3179006208679926*^-7*I, 6.822601279744611 + 0.0013679514271843353*I, 6.540183259089755 + 0.035644580326985704*I, 6.284915243943227 + 0.09996883743176055*I, 6.225971899895498 + 0.05118195372741174*I, 6.266094314013474 + 0.008122934842669887*I, 6.294419373130201 + 0.00031215049385140847*I}","{6.1684936516100795 + 0.00005704387556257174*I, 6.567541193283542 + 5.073008552510687*^-10*I, 6.933927949053373 + 0.*I, 7.133621971757232 + 5.073259535331216*^-10*I, 7.108279412063037 + 0.00005704560169375388*I, 6.851549911396392 + 0.005640135183270923*I, 6.4327092138388045 + 0.051181953727411744*I, 6.06797208113726 + 0.11052290464641706*I, 5.941681663011375 + 0.05118202550569038*I, 5.992878663461262 + 0.005640172054222888*I}","{5.8828159703373535 + 0.001367918351534513*I, 6.37392508173953 + 1.3178473569766642*^-7*I, 6.867320680098542 + 0.*I, 7.207296250369571 + 0.*I, 7.31142160905551 + 8.234793936539814*^-7*I, 7.153090501408131 + 0.0003121486829181777*I, 6.757121761341299 + 0.008122934842669896*I, 6.225971796395896 + 0.0511820255056904*I, 5.793887627302205 + 0.09996900981873451*I, 5.681511894816673 + 0.035644758748959386*I}","{5.586473010857946 + 0.013863659212192818*I, 6.101893531668657 + 0.000014339396314899698*I, 6.680879427430833 + 0.*I, 7.146411231983823 + 0.*I, 7.391349640551132 + 1.9606773341804817*^-9*I, 7.364679981582871 + 3.720970236389227*^-6*I, 7.069372790279951 + 0.000312150493851409*I, 6.561094766667706 + 0.005640172054222898*I, 5.965437864638599 + 0.03564475874895941*I, 5.538366718723055 + 0.07233837547466121*I}"
"{5.4010626474961425 + 0.07233809654657049*I, 5.775336292695116 + 0.013863874349390888*I, 6.394120361574847 + 0.000014339887223812826*I, 6.954730104541085 + 0.*I, 7.331250635440214 + 0.*I, 7.447537281945613 + 1.9605531731750295*^-9*I, 7.280963604768835 + 3.720800723643699*^-6*I, 6.862637769446751 + 0.00031213999399298743*I, 6.276807553938006 + 0.005640025057562181*I, 5.681514427928789 + 0.03564416127690242*I}","{5.586470810368407 + 0.013863874349390922*I, 5.629774534028809 + 0.0381846686359358*I, 6.114189355549046 + 0.0009022766529363904*I, 6.688921437134958 + 0.*I, 7.147913376710107 + 0.*I, 7.389240906812746 + 0.*I, 7.363819624219437 + 1.9605531731751072*^-9*I, 7.077155419744091 + 8.234483747225114*^-7*I, 6.589723993734475 + 0.00005704387556257112*I, 6.0201203426398235 + 0.0013679183515345203*I}","{5.913025596143926 + 0.000014339887223812836*I, 5.821960072444837 + 0.0009022766529363896*I, 5.9616356819961975 + 0.010553981021206821*I, 6.4143224251737365 + 0.*I, 6.8811728730493344 + 0.*I, 7.20410092409312 + 0.*I, 7.303720525097052 + 0.*I, 7.157869352617125 + 0.*I, 6.79990605308123 + 5.073008552510778*^-10*I, 6.322363971715294 + 1.3178473569766708*^-7*I}","{6.199782675500885 + 0.*I, 6.122839490421469 + 0.*I, 6.140469761564457 + 0.*I, 6.256551188402169 + 1.4282381015330112*^-17*I, 6.599162895928921 + 0.*I, 6.9299494552731575 + 0.*I, 7.112040464953108 + 0.*I, 7.091745283772612 + 0.*I, 6.87406352574685 + 0.*I, 6.523530286970093 + 0.*I}","{6.391462735644829 + 0.*I, 6.396990959241431 + 0.*I, 6.422479738684871 + 0.*I, 6.414322425173736 + 0.*I, 6.420328816360663 + 0.010553981021206789*I, 6.629070037296525 + 0.0009022766529363966*I, 6.82528338559615 + 0.000014339887223813043*I, 6.890578030626578 + 1.3179006208679597*^-7*I, 6.799904884841428 + 5.073259535330883*^-10*I, 6.589653193631843 + 0.*I}","{6.451561834767213 + 1.9605531731750324*^-9*I, 6.582130941961057 + 0.*I, 6.689220242345641 + 0.*I, 6.688921437134958 + 0.*I, 6.572882489913512 + 0.0009022766529363893*I, 6.436884498880498 + 0.03818466863593566*I, 6.498728599820631 + 0.01386387434939087*I, 6.588333855458144 + 0.001367951427184338*I, 6.589721854392048 + 0.00005704560169375435*I, 6.508938081562599 + 8.234793936539743*^-7*I}","{6.368705815316612 + 3.720800723643697*^-6*I, 6.6404273170939225 + 1.9605531731750985*^-9*I, 6.8725575010757485 + 0.*I, 6.954730104541084 + 0.*I, 6.85281349593931 + 0.000014339887223813045*I, 6.582446257546807 + 0.013863874349390872*I, 6.313320436948365 + 0.0723380965465707*I, 6.249728287420272 + 0.03564458032698581*I, 6.276804806342389 + 0.005640135183270982*I, 6.294419426532203 + 0.0003121486829181796*I}","{6.157117293937834 + 0.00031213999399298743*I, 6.560500426561884 + 8.234483747225108*^-7*I, 6.933443642539128 + 0.*I, 7.141172237303895 + 0.*I, 7.124845454913046 + 1.3179006208679558*^-7*I, 6.878788827127625 + 0.0013679514271843387*I, 6.456465601363579 + 0.035644580326985836*I, 6.078177929999921 + 0.09996883743176048*I, 5.941681766510978 + 0.051181953727411904*I, 5.982168344191549 + 0.008122934842669897*I}","{5.855577211813609 + 0.005640025057562191*I, 6.357359133936788 + 0.000057043875562571206*I, 6.859770476387753 + 5.073008552510789*^-10*I, 7.207780612662654 + 0.*I, 7.318462442512416 + 5.073259535330816*^-10*I, 7.16446695944605 + 0.000057045601693754256*I, 6.767832253670215 + 0.005640135183270994*I, 6.225971899895498 + 0.05118195372741193*I, 5.783681947752738 + 0.11052290464641729*I, 5.657755693189452 + 0.05118202550569032*I}","{5.5442100556263165 + 0.03564416127690247*I, 6.071681452664061 + 0.0013679183515345197*I, 6.66615436484374 + 1.317847356976674*^-7*I, 7.141173343707821 + 0.*I, 7.392136721124755 + 0.*I, 7.367609156438524 + 8.234793936539765*^-7*I, 7.069372843681955 + 0.00031214868291818044*I, 6.5503844473979935 + 0.008122934842669915*I, 5.941681663011375 + 0.05118202550569034*I, 5.509961657480281 + 0.09996900981873458*I}"
"{5.372657454491004 + 0.09996883743176041*I, 5.733073294238064 + 0.035644580326985774*I, 6.363908145380146 + 0.001367951427184333*I, 6.940004984157861 + 1.3179006208679804*^-7*I, 7.326012708059079 + 0.*I, 7.448324324286606 + 0.*I, 7.283892733687397 + 8.23448374722519*^-7*I, 6.862637769446751 + 0.00031213999399298684*I, 6.266097199881205 + 0.008122779963871314*I, 5.657758108080229 + 0.05118141645594239*I}","{5.544207811911354 + 0.035644580326985836*I, 5.5899281298228525 + 0.07233809654657067*I, 6.0675655757993265 + 0.013863874349390909*I, 6.667973025184127 + 0.000014339887223812646*I, 7.139570575296271 + 0.*I, 7.38743818282323 + 0.*I, 7.3638196242194365 + 1.9605531731751114*^-9*I, 7.0742262908255285 + 3.72080072364375*^-6*I, 6.578347636062231 + 0.00031213999399298505*I, 5.9928815841160805 + 0.005640025057562175*I}","{5.8828133799492255 + 0.0013679514271843338*I, 5.7753362926951155 + 0.013863874349390886*I, 5.922003817133019 + 0.03818466863593574*I, 6.388042019158327 + 0.000902276652936378*I, 6.8737619078901435 + 0.*I, 7.20410092409312 + 0.*I, 7.30552324908657 + 0.*I, 7.157082310276129 + 1.96055317317508*^-9*I, 6.792865286359573 + 8.234483747225031*^-7*I, 6.30579802391255 + 0.000057043875562571185*I}","{6.185057555117661 + 1.3179006208679753*^-7*I, 6.1018910784706355 + 0.000014339887223812596*I, 6.114189355549046 + 0.0009022766529363732*I, 6.235488345605478 + 0.010553981021206681*I, 6.599162895928922 + 0.*I, 6.937360420432348 + 0.*I, 7.120383266366944 + 0.*I, 7.096983211153745 + 0.*I, 6.873579219232605 + 0.*I, 6.515980083259307 + 5.0730085525103*^-10*I}","{6.386224808263695 + 0.*I, 6.388648157827595 + 0.*I, 6.415068773525677 + 0.*I, 6.4143224251737365 + 0.*I, 6.441391659157352 + 9.739163095884283*^-17*I, 6.655350443311935 + 0.*I, 6.846231797546982 + 0.*I, 6.9053031510098 + 0.*I, 6.807455150388092 + 0.*I, 6.590137555924926 + 0.*I}","{6.452348877108207 + 0.*I, 6.580328217971538 + 0.*I, 6.689220242345641 + 0.*I, 6.696332402294148 + 0.*I, 6.599162895928922 + 0.*I, 6.476516363743679 + 0.010553981021206658*I, 6.5453523795703505 + 0.000902276652936386*I, 6.618546071652842 + 0.000014339887223813106*I, 6.6062878972420584 + 1.3179006208680505*^-7*I, 6.515978915019503 + 5.073259535331199*^-10*I}","{6.371634944235174 + 8.234483747225162*^-7*I, 6.6404273170939225 + 1.9605531731751134*^-9*I, 6.874360225065267 + 0.*I, 6.96307290595492 + 0.*I, 6.8737619078901435 + 0.*I, 6.629070037296525 + 0.000902276652936385*I, 6.353166841154322 + 0.03818466863593577*I, 6.291991285877323 + 0.013863874349390883*I, 6.304043722073622 + 0.001367951427184352*I, 6.3057958845701245 + 0.00005704560169375486*I}","{6.157117293937834 + 0.0003121399939929869*I, 6.557571297643322 + 3.720800723643741*^-6*I, 6.932656600198133 + 1.9605531731750766*^-9*I, 7.146410164685029 + 0.*I, 7.139570575296271 + 0.*I, 6.909001043322324 + 0.000014339887223813119*I, 6.49872859982063 + 0.013863874349390883*I, 6.106583123005059 + 0.07233809654657053*I, 5.965438154035752 + 0.03564458032698586*I, 5.992878836520464 + 0.0056401351832709645*I}","{5.8448668577568075 + 0.008122779963871327*I, 6.3459827762645435 + 0.00031213999399298505*I, 6.852729709666095 + 8.234483747225051*^-7*I, 7.207296306148408 + 0.*I, 7.32601270805908 + 0.*I, 7.1810330022960605 + 1.31790062086804*^-7*I, 6.7950711694014485 + 0.0013679514271843535*I, 6.249728287420272 + 0.0356445803269859*I, 5.793887796615401 + 0.09996883743176053*I, 5.657755796689055 + 0.05118195372741176*I}","{5.520453735777755 + 0.051181416455942444*I, 6.044442694140317 + 0.005640025057562176*I, 6.649588417040997 + 0.0000570438755625712*I, 7.133623139997034 + 5.073008552510285*^-10*I, 7.392621083417839 + 0.*I, 7.374649989895429 + 5.073259535331206*^-10*I, 7.080749301719875 + 0.00005704560169375506*I, 6.5610949397269085 + 0.005640135183270976*I, 5.94168176651098 + 0.05118195372741176*I, 5.499755977930814 + 0.11052290464641723*I}"
"{5.362451605628341 + 0.11052290464641705*I, 5.709316906713291 + 0.05118195372741174*I, 6.336669229648912 + 0.0056401351832709576*I, 6.923438941307851 + 0.00005704560169375389*I, 7.318462442512415 + 5.073259535331647*^-10*I, 7.448808630800852 + 0.*I, 7.290933500409055 + 5.073008552510466*^-10*I, 6.874014127118993 + 0.000057043875562572*I, 6.276807553938006 + 0.0056400250575621745*I, 5.657758108080229 + 0.0511814164559424*I}","{5.520451424386582 + 0.05118195372741182*I, 5.561522936817714 + 0.09996883743176058*I, 6.0253025773422735 + 0.03564458032698581*I, 6.637760808989425 + 0.0013679514271843355*I, 7.124845454913046 + 1.3179006208680354*^-7*I, 7.3822002554420925 + 0.*I, 7.364606666560431 + 0.*I, 7.077155419744091 + 8.234483747225197*^-7*I, 6.578347636062231 + 0.00031213999399298597*I, 5.98217123005928 + 0.008122779963871347*I}","{5.855574464217992 + 0.0056401351832709576*I, 5.733073294238065 + 0.035644580326985774*I, 5.882157412927063 + 0.07233809654657054*I, 6.341418239408608 + 0.013863874349390872*I, 6.852813495939311 + 0.000014339887223812794*I, 7.195758122679284 + 0.*I, 7.303720525097052 + 0.*I, 7.157082310276131 + 1.960553173175155*^-9*I, 6.789936157441009 + 3.7208007236436923*^-6*I, 6.294421666240307 + 0.0003121399939929859*I}","{6.168491512267652 + 0.0000570456016937538*I, 6.0716788622759355 + 0.0013679514271843333*I, 6.0675655757993265 + 0.013863874349390846*I, 6.195856480742299 + 0.038184668635935545*I, 6.572882489913513 + 0.0009022766529363788*I, 6.9299494552731575 + 0.*I, 7.120383266366944 + 0.*I, 7.098785935143262 + 0.*I, 6.872792176891611 + 1.960553173175163*^-9*I, 6.508939316537647 + 8.234483747225104*^-7*I}","{6.3786745427170315 + 5.073259535331607*^-10*I, 6.373923037444371 + 1.317900620868028*^-7*I, 6.394120361574847 + 0.00001433988722381279*I, 6.388042019158327 + 0.0009022766529363792*I, 6.420328816360663 + 0.010553981021206778*I, 6.655350443311935 + 0.*I, 6.853642762706172 + 0.*I, 6.9136459524236376 + 0.*I, 6.812693077769227 + 0.*I, 6.58965324941068 + 0.*I}","{6.452833183622454 + 0.*I, 6.5750902905904045 + 0.*I, 6.6808774409318055 + 0.*I, 6.688921437134958 + 0.*I, 6.599162895928922 + 0.*I, 6.497579206540366 + 8.51319412596676*^-17*I, 6.57163278558576 + 0.*I, 6.639494483603675 + 0.*I, 6.62101301762528 + 0.*I, 6.523529180566167 + 0.*I}","{6.378675710956832 + 5.073008552510468*^-10*I, 6.641214359434916 + 0.*I, 6.8725575010757485 + 0.*I, 6.96307290595492 + 0.*I, 6.881172873049334 + 0.*I, 6.655350443311936 + 0.*I, 6.3927987060175 + 0.010553981021206926*I, 6.338615065627044 + 0.0009022766529363925*I, 6.334255938268322 + 0.000014339887223813197*I, 6.3223619274201335 + 1.317900620868011*^-7*I}","{6.1684936516100795 + 0.00005704387556257196*I, 6.560500426561884 + 8.234483747225179*^-7*I, 6.9326566001981345 + 1.9605531731751556*^-9*I, 7.148212888674546 + 0.*I, 7.147913376710106 + 0.*I, 6.9299494552731575 + 0.*I, 6.5453523795703505 + 0.0009022766529363954*I, 6.146429527211017 + 0.03818466863593571*I, 6.0077011524928015 + 0.013863874349390952*I, 6.020117752251699 + 0.0013679514271843494*I}","{5.855577211813609 + 0.005640025057562184*I, 6.3459827762645435 + 0.0003121399939929859*I, 6.849800580747534 + 3.7208007236437046*^-6*I, 7.206509263807414 + 1.960553173175167*^-9*I, 7.331250635440215 + 0.*I, 7.195758122679284 + 0.*I, 6.8252833855961486 + 0.000014339887223813224*I, 6.291991285877323 + 0.013863874349390974*I, 5.822292989620539 + 0.07233809654657061*I, 5.681512184213829 + 0.03564458032698581*I}","{5.520453735777756 + 0.05118141645594246*I, 6.033732340083517 + 0.008122779963871346*I, 6.638212059368755 + 0.000312139993992986*I, 7.126582373275376 + 8.234483747225109*^-7*I, 7.392136776903593 + 0.*I, 7.382200255442094 + 0.*I, 7.097315344569885 + 1.3179006208680262*^-7*I, 6.588333855458142 + 0.0013679514271843524*I, 5.965438154035754 + 0.03564458032698581*I, 5.509961826793477 + 0.09996883743176062*I}"
"{5.372657285177808 + 0.09996900981873441*I, 5.709316803213689 + 0.05118202550569032*I, 6.325958737319995 + 0.008122934842669882*I, 6.912062483269933 + 0.00031214868291817643*I, 7.31142160905551 + 8.234793936539787*^-7*I, 7.448324268507769 + 0.*I, 7.298483704119844 + 0.*I, 6.890580074921736 + 1.3178473569766544*^-7*I, 6.30404631246175 + 0.001367918351534509*I, 5.681514427928792 + 0.0356441612769024*I}","{5.52045132088698 + 0.05118202550569037*I, 5.551317087955051 + 0.11052290464641729*I, 6.0015461898175015 + 0.05118195372741186*I, 6.610521893258191 + 0.005640135183270955*I, 7.1082794120630375 + 0.00005704560169375378*I, 7.37464998989543 + 5.073259535331454*^-10*I, 7.365090973074677 + 0.*I, 7.084196186465752 + 5.07300855251018*^-10*I, 6.589723993734475 + 0.00005704387556257136*I, 5.992881584116082 + 0.005640025057562186*I}","{5.844863971889075 + 0.008122934842669882*I, 5.709316906713292 + 0.05118195372741179*I, 5.853752219921924 + 0.09996883743176062*I, 6.299155240951555 + 0.03564458032698582*I, 6.822601279744612 + 0.0013679514271843355*I, 7.1810330022960605 + 1.3179006208680301*^-7*I, 7.298482597715919 + 0.*I, 7.157869352617125 + 0.*I, 6.792865286359573 + 8.234483747225058*^-7*I, 6.294421666240308 + 0.0003121399939929853*I}","{6.157115054229732 + 0.00031214868291817583*I, 6.044439946544701 + 0.005640135183270944*I, 6.025302577342275 + 0.035644580326985774*I, 6.156010076536342 + 0.07233809654657045*I, 6.526258710163794 + 0.01386387434939091*I, 6.909001043322326 + 0.000014339887223812904*I, 7.112040464953108 + 0.*I, 7.096983211153747 + 0.*I, 6.872792176891609 + 1.9605531731750195*^-9*I, 6.506010187619084 + 3.720800723643676*^-6*I}","{6.371633709260126 + 8.234793936539746*^-7*I, 6.357356994594361 + 0.000057045601693753714*I, 6.363908145380144 + 0.0013679514271843335*I, 6.341418239408608 + 0.013863874349390922*I, 6.3806969514974865 + 0.0381846686359357*I, 6.629070037296525 + 0.0009022766529363928*I, 6.846231797546983 + 0.*I, 6.9136459524236376 + 0.*I, 6.814495801758744 + 0.*I, 6.588866207069687 + 1.9605531731750836*^-9*I}","{6.452348821329371 + 0.*I, 6.567540025043741 + 5.073259535331403*^-10*I, 6.666152320548582 + 1.317900620868024*^-7*I, 6.667973025184127 + 0.000014339887223812799*I, 6.572882489913513 + 0.0009022766529363881*I, 6.476516363743677 + 0.010553981021206795*I, 6.571632785585761 + 0.*I, 6.646905448762865 + 0.*I, 6.629355819039118 + 0.*I, 6.528767107947302 + 0.*I}","{6.38622591466762 + 0.*I, 6.641698665949162 + 0.*I, 6.8673195736946155 + 0.*I, 6.954730104541085 + 0.*I, 6.8737619078901435 + 0.*I, 6.655350443311935 + 0.*I, 6.4138615488141895 + 8.908308131038199*^-17*I, 6.364895471642454 + 0.*I, 6.3552043502191555 + 0.*I, 6.337087047803358 + 0.*I}","{6.185059599412821 + 1.317847356976651*^-7*I, 6.567541193283542 + 5.073008552510144*^-10*I, 6.933443642539128 + 0.*I, 7.1464101646850295 + 0.*I, 7.147913376710107 + 0.*I, 6.937360420432349 + 0.*I, 6.571632785585761 + 0.*I, 6.186061392074196 + 0.01055398102120671*I, 6.054324932242524 + 0.0009022766529363922*I, 6.050329968446399 + 0.000014339887223813243*I}","{5.882815970337353 + 0.0013679183515345132*I, 6.357359133936788 + 0.00005704387556257144*I, 6.852729709666097 + 8.23448374722507*^-7*I, 7.206509263807414 + 1.960553173175027*^-9*I, 7.333053359429732 + 0.*I, 7.20410092409312 + 0.*I, 6.846231797546983 + 0.*I, 6.338615065627044 + 0.0009022766529363962*I, 5.862139393826498 + 0.03818466863593574*I, 5.723775182670881 + 0.013863874349390865*I}","{5.544210055626319 + 0.03564416127690245*I, 6.044442694140319 + 0.0056400250575621815*I, 6.638212059368755 + 0.0003121399939929855*I, 7.123653244356811 + 3.7208007236436766*^-6*I, 7.3913497345626 + 1.9605531731750836*^-9*I, 7.387438182823228 + 0.*I, 7.112040464953108 + 0.*I, 6.618546071652844 + 0.000014339887223813287*I, 6.007701152492805 + 0.013863874349390872*I, 5.538367019798614 + 0.07233809654657064*I}"
"{5.401062346420582 + 0.072338375474661*I, 5.73307300484091 + 0.03564475874895935*I, 6.3366690565897095 + 0.0056401720542228855*I, 6.912062429867927 + 0.0003121504938514078*I, 7.308492434199858 + 3.7209702363892282*^-6*I, 7.447537187934146 + 1.9606773341803866*^-9*I, 7.3037215923958465 + 0.*I, 6.9053051375088295 + 0.*I, 6.334258391466346 + 0.000014339396314899214*I, 5.723777383160419 + 0.013863659212192746*I}","{5.5442075225142 + 0.03564475874895943*I, 5.561522767504518 + 0.09996900981873455*I, 6.0015460863179 + 0.051182025505690384*I, 6.599811400929276 + 0.008122934842669885*I, 7.096902954025117 + 0.00031214868291817903*I, 7.367609156438525 + 8.234793936539864*^-7*I, 7.3646066107815935 + 0.*I, 7.091746390176537 + 0.*I, 6.6062899415372165 + 1.317847356976584*^-7*I, 6.020120342639825 + 0.0013679183515345138*I}","{5.855574291158789 + 0.00564017205422289*I, 5.70931680321369 + 0.051182025505690336*I, 5.8435463710592614 + 0.11052290464641722*I, 6.275398853426783 + 0.05118195372741179*I, 6.795362364013378 + 0.00564013518327097*I, 7.164466959446051 + 0.000057045601693754886*I, 7.290932332169255 + 5.073259535330995*^-10*I, 7.158353659131372 + 0.*I, 6.799906053081232 + 5.073008552510208*^-10*I, 6.305798023912552 + 0.000057043875562571375*I}","{6.157115000827727 + 0.0003121504938514078*I, 6.033729454215786 + 0.00812293484266988*I, 6.0015461898175015 + 0.051181953727411765*I, 6.127604883531204 + 0.09996883743176048*I, 6.483995711706741 + 0.03564458032698585*I, 6.878788827127624 + 0.0013679514271843546*I, 7.0973153445698856 + 1.3179006208680166*^-7*I, 7.091745283772612 + 0.*I, 6.873579219232605 + 0.*I, 6.508939316537649 + 8.234483747224963*^-7*I}","{6.368704534404472 + 3.720970236389225*^-6*I, 6.345980536556442 + 0.00031214868291817887*I, 6.336669229648912 + 0.005640135183270966*I, 6.299155240951554 + 0.03564458032698588*I, 6.340850547291528 + 0.07233809654657063*I, 6.582446257546806 + 0.013863874349391004*I, 6.82528338559615 + 0.000014339887223813116*I, 6.9053031510098 + 0.*I, 6.812693077769227 + 0.*I, 6.588866207069687 + 1.960553173175002*^-9*I}","{6.451561740755747 + 1.9606773341803795*^-9*I, 6.560499191586834 + 8.234793936539843*^-7*I, 6.649586277698571 + 0.00005704560169375486*I, 6.637760808989427 + 0.0013679514271843526*I, 6.526258710163794 + 0.013863874349390945*I, 6.436884498880499 + 0.03818466863593571*I, 6.545352379570351 + 0.0009022766529363918*I, 6.639494483603677 + 0.*I, 6.629355819039118 + 0.*I, 6.53056983193682 + 0.*I}","{6.391463802943623 + 0.*I, 6.64121430365608 + 0.*I, 6.85976930814795 + 5.073259535331037*^-10*I, 6.94000498415786 + 1.317900620868029*^-7*I, 6.852813495939311 + 0.000014339887223813116*I, 6.629070037296527 + 0.000902276652936392*I, 6.3927987060175 + 0.010553981021206875*I, 6.364895471642454 + 0.*I, 6.362615315378346 + 0.*I, 6.345429849217194 + 0.*I}","{6.199784661999914 + 0.*I, 6.575091396994329 + 0.*I, 6.933927949053373 + 0.*I, 7.141172237303896 + 0.*I, 7.139570575296269 + 0.*I, 6.929949455273159 + 0.*I, 6.571632785585759 + 0.*I, 6.207124234870886 + 1.4831406295494565*^-17*I, 6.080605338257934 + 0.*I, 6.071278380397232 + 0.*I}","{5.913028049341949 + 0.000014339396314899309*I, 6.37392508173953 + 1.3178473569765896*^-7*I, 6.859770476387755 + 5.073008552510244*^-10*I, 7.207296306148407 + 0.*I, 7.331250635440214 + 0.*I, 7.204100924093121 + 0.*I, 6.853642762706172 + 0.*I, 6.364895471642454 + 0.*I, 5.901771258689674 + 0.010553981021206823*I, 5.770398962420601 + 0.0009022766529363789*I}","{5.586473010857946 + 0.013863659212192774*I, 6.071681452664062 + 0.0013679183515345132*I, 6.649588417040999 + 0.00005704387556257131*I, 7.126582373275375 + 8.234483747224964*^-7*I, 7.391349734562598 + 1.960553173175001*^-9*I, 7.389240906812746 + 0.*I, 7.120383266366945 + 0.*I, 6.639494483603675 + 0.*I, 6.054324932242524 + 0.0009022766529363795*I, 5.578213424004573 + 0.03818466863593577*I}"
"{5.440908695946549 + 0.038184947564266686*I, 5.775335891361236 + 0.013864042747650095*I, 6.363907880554926 + 0.001367978773649959*I, 6.923438812334545 + 0.00005704702058087645*I, 7.311421562339928 + 8.235004232011374*^-7*I, 7.447537183529841 + 1.9607260243283625*^-9*I, 7.305524311879759 + 0.*I, 6.913647927500737 + 0.*I, 6.355206756503911 + 0.*I, 5.770401082023471 + 0.0009022497673879976*I}","{5.586470409034525 + 0.013864042747650119*I, 5.5899278287472915 + 0.07233837547466125*I, 6.025302287945122 + 0.035644758748959435*I, 6.610521720198989 + 0.0056401720542228855*I, 7.096902900623112 + 0.00031215049385140755*I, 7.364679981582871 + 3.720970236389269*^-6*I, 7.363819530207969 + 1.960677334180375*^-9*I, 7.09698427845254 + 0.*I, 6.62101500412431 + 0.*I, 6.050332421644421 + 0.000014339396314899629*I}","{5.882813115124008 + 0.0013679787736499591*I, 5.733073004840911 + 0.0356447587489594*I, 5.853752050608728 + 0.09996900981873448*I, 6.275398749927179 + 0.0511820255056903*I, 6.784651871684463 + 0.008122934842669871*I, 7.153090501408131 + 0.0003121486829181787*I, 7.2838914987123475 + 8.234793936539874*^-7*I, 7.157869296838287 + 0.*I, 6.807456256792019 + 0.*I, 6.322363971715294 + 1.317847356976653*^-7*I}","{6.168491383294346 + 0.00005704702058087651*I, 6.044439773485499 + 0.005640172054222876*I, 6.0015460863179 + 0.051182025505690225*I, 6.117399034668542 + 0.11052290464641701*I, 6.460239324181968 + 0.051181953727411696*I, 6.851549911396391 + 0.0056401351832709706*I, 7.080749301719875 + 0.0000570456016937543*I, 7.084195018225948 + 5.073259535330717*^-10*I, 6.874063525746852 + 0.*I, 6.515980083259307 + 5.073008552510469*^-10*I}","{6.371633662544544 + 8.235004232011388*^-7*I, 6.345980483154436 + 0.00031215049385140744*I, 6.325958737319997 + 0.008122934842669871*I, 6.275398853426783 + 0.051181953727411765*I, 6.31244535428639 + 0.09996883743176042*I, 6.540183259089755 + 0.03564458032698585*I, 6.795071169401449 + 0.0013679514271843411*I, 6.890578030626578 + 1.3179006208679695*^-7*I, 6.807455150388092 + 0.*I, 6.58965324941068 + 0.*I}","{6.451561736351442 + 1.9607260243283576*^-9*I, 6.557570016731182 + 3.720970236389265*^-6*I, 6.638209819660652 + 0.00031214868291817827*I, 6.610521893258191 + 0.005640135183270963*I, 6.483995711706742 + 0.03564458032698574*I, 6.397038094674541 + 0.07233809654657045*I, 6.498728599820631 + 0.013863874349390827*I, 6.618546071652842 + 0.000014339887223812907*I, 6.621013017625282 + 0.*I, 6.528767107947301 + 0.*I}","{6.393266522427537 + 0.*I, 6.640427223082456 + 1.960677334180377*^-9*I, 6.852728474691045 + 8.234793936539905*^-7*I, 6.923438941307851 + 0.00005704560169375448*I, 6.82260127974461 + 0.00136795142718434*I, 6.582446257546806 + 0.013863874349390837*I, 6.353166841154321 + 0.038184668635935726*I, 6.338615065627044 + 0.0009022766529363822*I, 6.3552043502191555 + 0.*I, 6.345429849217193 + 0.*I}","{6.208127451991818 + 0.*I, 6.580329285270333 + 0.*I, 6.933443586760291 + 0.*I, 7.133621971757232 + 5.073259535330703*^-10*I, 7.124845454913047 + 1.317900620867977*^-7*I, 6.909001043322326 + 0.000014339887223812879*I, 6.5453523795703505 + 0.0009022766529363805*I, 6.186061392074196 + 0.010553981021206698*I, 6.080605338257934 + 0.*I, 6.0786893455564215 + 0.*I}","{5.933976414379515 + 0.*I, 6.388650144326623 + 0.*I, 6.867320680098542 + 0.*I, 7.2077806126626545 + 0.*I, 7.326012708059079 + 0.*I, 7.195758122679283 + 0.*I, 6.846231797546982 + 0.*I, 6.364895471642454 + 0.*I, 5.922834101486364 + 6.590372584332877*^-17*I, 5.79667936843601 + 0.*I}","{5.6330967097209985 + 0.0009022497673880011*I, 6.101893531668657 + 0.000014339396314899595*I, 6.66615436484374 + 1.3178473569766504*^-7*I, 7.133623139997034 + 5.073008552510463*^-10*I, 7.392136776903593 + 0.*I, 7.387438182823229 + 0.*I, 7.120383266366943 + 0.*I, 6.646905448762865 + 0.*I, 6.080605338257934 + 0.*I, 5.617845288867749 + 0.010553981021206917*I}"
"{5.480540627193499 + 0.010554153408810269*I, 5.821959732076564 + 0.0009023145437769312*I, 6.394120135960595 + 0.000014340871022065468*I, 6.940004843654855 + 1.3180255465906729*^-7*I, 7.318462375787971 + 5.073862182247298*^-10*I, 7.448324261420289 + 0.*I, 7.303721622725045 + 0.*I, 6.913647963957372 + 0.*I, 6.362617751726214 + 0.*I, 5.796681442099542 + 0.*I}","{5.633094249749856 + 0.0009023145437769352*I, 5.629774178273258 + 0.03818494756426687*I, 6.067565174465445 + 0.013864042747650115*I, 6.637760544164206 + 0.0013679787736499587*I, 7.108279283089731 + 0.0000570470205808766*I, 7.367609109722943 + 8.235004232011328*^-7*I, 7.363819525803665 + 1.9607260243283088*^-9*I, 7.098786997936452 + 0.*I, 6.629357794116217 + 0.*I, 6.071280786681988 + 0.*I}","{5.913025370529676 + 0.00001434087102206549*I, 5.775335891361235 + 0.013864042747650091*I, 5.8821571118515035 + 0.07233837547466118*I, 6.299154951554401 + 0.03564475874895937*I, 6.795362190954175 + 0.005640172054222883*I, 7.153090448006127 + 0.0003121504938514094*I, 7.280962323856695 + 3.7209702363892397*^-6*I, 7.157082216264664 + 1.96067733418036*^-9*I, 6.81269414506802 + 0.*I, 6.337089034302386 + 0.*I}","{6.185057414614656 + 1.3180255465906737*^-7*I, 6.071678597450717 + 0.001367978773649955*I, 6.025302287945122 + 0.03564475874895936*I, 6.127604714218008 + 0.09996900981873438*I, 6.4602392206823644 + 0.0511820255056903*I, 6.840839419067475 + 0.0081229348426699*I, 7.069372843681955 + 0.00031214868291817876*I, 7.077154184769043 + 8.234793936539802*^-7*I, 6.873579163453767 + 0.*I, 6.523530286970094 + 0.*I}","{6.378674475992585 + 5.073862182247297*^-10*I, 6.357356865621055 + 0.00005704702058087646*I, 6.3366690565897095 + 0.0056401720542228785*I, 6.275398749927178 + 0.05118202550569035*I, 6.302239505423727 + 0.11052290464641715*I, 6.51642687156498 + 0.051181953727411904*I, 6.767832253670215 + 0.005640135183270957*I, 6.8740119877765675 + 0.000057045601693754215*I, 6.7999048848414265 + 5.073259535331075*^-10*I, 6.590137555924926 + 0.*I}","{6.452348814241891 + 0.*I, 6.560499144871255 + 8.235004232011293*^-7*I, 6.6382097662586474 + 0.00031215049385140847*I, 6.599811400929275 + 0.008122934842669884*I, 6.460239324181967 + 0.051181953727411765*I, 6.368632901669403 + 0.09996883743176044*I, 6.456465601363579 + 0.03564458032698573*I, 6.588333855458144 + 0.001367951427184333*I, 6.6062878972420584 + 1.3179006208680121*^-7*I, 6.523529180566166 + 0.*I}","{6.391463833272822 + 0.*I, 6.64042721867815 + 1.9607260243283046*^-9*I, 6.849799299835391 + 3.7209702363892426*^-6*I, 6.912062483269931 + 0.00031214868291817806*I, 6.795362364013378 + 0.005640135183270945*I, 6.540183259089754 + 0.03564458032698573*I, 6.313320436948365 + 0.07233809654657063*I, 6.291991285877323 + 0.013863874349390867*I, 6.334255938268322 + 0.00001433988722381317*I, 6.337087047803356 + 0.*I}","{6.208127488448456 + 0.*I, 6.582132004754244 + 0.*I, 6.932656506186667 + 1.9606773341803564*^-9*I, 7.126581138300326 + 8.23479393653979*^-7*I, 7.108279412063037 + 0.000057045601693754*I, 6.878788827127625 + 0.0013679514271843346*I, 6.498728599820631 + 0.013863874349390858*I, 6.146429527211017 + 0.03818466863593559*I, 6.054324932242524 + 0.0009022766529363927*I, 6.0712783803972314 + 0.*I}","{5.941387409601816 + 0.*I, 6.396992934318529 + 0.*I, 6.872558568374544 + 0.*I, 7.207296250369572 + 0.*I, 7.318462442512416 + 5.073259535331005*^-10*I, 7.18103300229606 + 1.3179006208680095*^-7*I, 6.8252833855961486 + 0.000014339887223813172*I, 6.338615065627044 + 0.0009022766529363939*I, 5.901771258689676 + 0.010553981021206893*I, 5.79667936843601 + 0.*I}","{5.659377069797069 + 0.*I, 6.122841896706224 + 0.*I, 6.680879427430833 + 0.*I, 7.141173343707821 + 0.*I, 7.392621083417839 + 0.*I, 7.3822002554420925 + 0.*I, 7.112040464953108 + 0.*I, 6.639494483603675 + 0.*I, 6.080605338257934 + 0.*I, 5.638908131664438 + 9.776223704110878*^-17*I}"
"{5.501603759354638 + 7.781596314953947*^-13*I, 5.848240372140524 + 0.*I, 6.415068650152305 + 0.*I, 6.954730002690712 + 0.*I, 7.326012651332231 + 0.*I, 7.448808630800567 + 0.*I, 7.298483760846078 + 0.*I, 6.90530523935843 + 0.*I, 6.355206879876256 + 0.*I, 5.796681548417828 + 0.*I}","{5.659374889813816 + 0.*I, 5.669406109520208 + 0.010554153408810475*I, 6.114189015180774 + 0.0009023145437769387*I, 6.667972799569875 + 0.000014340871022065553*I, 7.124845314410042 + 1.3180255465906927*^-7*I, 7.374649923170986 + 5.073862182247273*^-10*I, 7.364606603694115 + 0.*I, 7.096984308781739 + 0.*I, 6.629357830572852 + 0.*I, 6.078691781904289 + 0.*I}","{5.933973884721386 + 0.*I, 5.821959732076565 + 0.0009023145437769373*I, 5.922003461377468 + 0.038184947564266845*I, 6.341417838074725 + 0.013864042747650126*I, 6.822601014919393 + 0.00136797877364996*I, 7.164466830472744 + 0.00005704702058087685*I, 7.283891451996768 + 8.235004232011229*^-7*I, 7.157082211860359 + 1.960726024328296*^-9*I, 6.814496864551932 + 0.*I, 6.345431824294292 + 0.*I}","{6.199782573650513 + 0.*I, 6.101890852856384 + 0.000014340871022065558*I, 6.067565174465445 + 0.013864042747650115*I, 6.156009775460783 + 0.07233837547466114*I, 6.4839954223095875 + 0.03564475874895943*I, 6.851549738337187 + 0.005640172054222902*I, 7.069372790279951 + 0.0003121504938514085*I, 7.074225009913389 + 3.7209702363891893*^-6*I, 6.872792082880144 + 1.9606773341803795*^-9*I, 6.528768175246096 + 0.*I}","{6.3862247515368455 + 0.*I, 6.373922896941366 + 1.318025546590693*^-7*I, 6.363907880554926 + 0.0013679787736499622*I, 6.299154951554401 + 0.03564475874895949*I, 6.3124451849731935 + 0.09996900981873452*I, 6.516426768065378 + 0.05118202550569046*I, 6.7571217613413 + 0.008122934842669882*I, 6.8626355297386485 + 0.000312148682918178*I, 6.792864051384521 + 8.234793936539781*^-7*I, 6.589653193631843 + 0.*I}","{6.452833183622167 + 0.*I, 6.567539958319295 + 5.073862182247263*^-10*I, 6.649586148725264 + 0.00005704702058087688*I, 6.610521720198989 + 0.005640172054222906*I, 6.4602392206823644 + 0.05118202550569038*I, 6.358427052806741 + 0.11052290464641717*I, 6.432709213838805 + 0.05118195372741173*I, 6.5610949397269085 + 0.0056401351832709315*I, 6.5897218543920495 + 0.00005704560169375435*I, 6.515978915019505 + 5.073259535330798*^-10*I}","{6.386225971393855 + 0.*I, 6.6412142965686005 + 0.*I, 6.852728427975464 + 8.235004232011253*^-7*I, 6.912062429867928 + 0.00031215049385140907*I, 6.784651871684462 + 0.008122934842669882*I, 6.51642687156498 + 0.05118195372741177*I, 6.284915243943227 + 0.09996883743176055*I, 6.24972828742027 + 0.03564458032698574*I, 6.304043722073622 + 0.0013679514271843435*I, 6.322361927420135 + 1.3179006208679878*^-7*I}","{6.199784763849514 + 0.*I, 6.580329315599531 + 0.*I, 6.932656501782361 + 1.960726024328295*^-9*I, 7.123651963444671 + 3.7209702363892032*^-6*I, 7.096902954025118 + 0.0003121486829181775*I, 6.851549911396392 + 0.005640135183270941*I, 6.456465601363578 + 0.035644580326985795*I, 6.106583123005059 + 0.07233809654657042*I, 6.007701152492805 + 0.013863874349390924*I, 6.050329968446399 + 0.000014339887223812887*I}","{5.933976537751859 + 0.*I, 6.396992970775164 + 0.*I, 6.874361287858456 + 0.*I, 7.206509169795948 + 1.9606773341803746*^-9*I, 7.311421609055511 + 8.234793936539771*^-7*I, 7.16446695944605 + 0.000057045601693754323*I, 6.795071169401448 + 0.0013679514271843476*I, 6.291991285877323 + 0.013863874349390952*I, 5.862139393826498 + 0.03818466863593577*I, 5.770398962420601 + 0.0009022766529363813*I}","{5.659377176115355 + 0.*I, 6.130252891928525 + 0.*I, 6.6892222174227385 + 0.*I, 7.146411231983823 + 0.*I, 7.392136721124756 + 0.*I, 7.374649989895431 + 5.073259535330813*^-10*I, 7.097315344569885 + 1.3179006208679944*^-7*I, 6.618546071652842 + 0.000014339887223812985*I, 6.054324932242524 + 0.0009022766529363839*I, 5.617845288867751 + 0.010553981021206887*I}"
"{5.480541205935838 + 0.010553808634862416*I, 5.848240584778152 + 0.*I, 6.422479738684332 + 0.*I, 6.963072869497785 + 0.*I, 7.331250605110569 + 0.*I, 7.448324331373653 + 0.*I, 7.290933567132958 + 5.072405905074469*^-10*I, 6.890580215423929 + 1.3177224312539815*^-7*I, 6.334258617078952 + 0.00001433841251749519*I, 5.770401422386877 + 0.0009022118766205044*I}","{5.659375102451443 + 0.*I, 5.690469241681344 + 7.783531082711156*^-13*I, 6.140469655244736 + 0.*I, 6.688921313761585 + 0.*I, 7.1395704734458985 + 0.*I, 7.382200198715244 + 0.*I, 7.36509097307439 + 0.*I, 7.091746446902773 + 0.*I, 6.62101510597391 + 0.*I, 6.071280910054333 + 0.*I}","{5.941384973253412 + 0.*I, 5.848240372140524 + 0.*I, 5.961635392624419 + 0.010554153408810392*I, 6.388041678790055 + 0.0009023145437769355*I, 6.8528132703250595 + 0.000014340871022065312*I, 7.181032861793056 + 1.3180255465906845*^-7*I, 7.290932265444811 + 5.073862182246985*^-10*I, 7.157869289750808 + 0.*I, 6.812694175397221 + 0.*I, 6.345431860750929 + 0.*I}","{6.208125440457586 + 0.*I, 6.122839367048095 + 0.*I, 6.114189015180774 + 0.0009023145437769325*I, 6.195856124986749 + 0.0381849475642667*I, 6.52625830882991 + 0.013864042747650103*I, 6.878788562302406 + 0.0013679787736499685*I, 7.080749172746569 + 0.000057047020580876295*I, 7.07715413805346 + 8.235004232011282*^-7*I, 6.872792078475838 + 1.960726024328252*^-9*I, 6.530570894730007 + 0.*I}","{6.391462705315184 + 0.*I, 6.388648055977224 + 0.*I, 6.394120135960595 + 0.000014340871022065294*I, 6.341417838074725 + 0.013864042747650133*I, 6.340850246215968 + 0.07233837547466122*I, 6.540182969692601 + 0.03564475874895952*I, 6.767832080611012 + 0.005640172054222907*I, 6.862635476336644 + 0.00031215049385140755*I, 6.789934876528868 + 3.7209702363892303*^-6*I, 6.58886611305822 + 1.960677334180322*^-9*I}","{6.4523488841952545 + 0.*I, 6.575090233863556 + 0.*I, 6.666152180045575 + 1.3180255465906795*^-7*I, 6.637760544164207 + 0.0013679787736499654*I, 6.4839954223095875 + 0.035644758748959414*I, 6.368632732356207 + 0.09996900981873444*I, 6.432709110339203 + 0.05118202550569032*I, 6.5503844473979935 + 0.008122934842669875*I, 6.578345396354129 + 0.00031214868291817865*I, 6.508938081562597 + 8.234793936539836*^-7*I}","{6.378675777680736 + 5.072405905074468*^-10*I, 6.641698665948877 + 0.*I, 6.859769241423505 + 5.073862182247006*^-10*I, 6.923438812334545 + 0.0000570470205808764*I, 6.795362190954174 + 0.005640172054222893*I, 6.516426768065378 + 0.05118202550569032*I, 6.274709395080564 + 0.11052290464641727*I, 6.225971899895498 + 0.05118195372741181*I, 6.276804806342387 + 0.005640135183270986*I, 6.305795884570124 + 0.00005704560169375409*I}","{6.185059739915012 + 1.3177224312539802*^-7*I, 6.575091453720564 + 0.*I, 6.9334435796728116 + 0.*I, 7.126581091584744 + 8.235004232011301*^-7*I, 7.096902900623112 + 0.0003121504938514069*I, 6.840839419067476 + 0.008122934842669875*I, 6.432709213838805 + 0.051181953727411834*I, 6.078177929999921 + 0.09996883743176048*I, 5.965438154035752 + 0.0356445803269859*I, 6.020117752251697 + 0.001367951427184346*I}","{5.913028274954555 + 0.000014338412517495241*I, 6.388650246176224 + 0.*I, 6.872558598703742 + 0.*I, 7.206509165391641 + 1.9607260243282455*^-9*I, 7.308492434199856 + 3.7209702363892244*^-6*I, 7.153090501408131 + 0.000312148682918178*I, 6.767832253670214 + 0.005640135183270994*I, 6.249728287420272 + 0.03564458032698594*I, 5.822292989620539 + 0.07233809654657065*I, 5.72377518267088 + 0.013863874349390898*I}","{5.633097050084406 + 0.0009022118766205091*I, 6.1228420200785685 + 0.*I, 6.689222253879375 + 0.*I, 7.148213951467735 + 0.*I, 7.391349640551132 + 1.960677334180317*^-9*I, 7.367609156438523 + 8.234793936539847*^-7*I, 7.080749301719875 + 0.000057045601693754276*I, 6.588333855458142 + 0.0013679514271843492*I, 6.007701152492803 + 0.013863874349390915*I, 5.578213424004573 + 0.038184668635935816*I}"
"{5.440909407457678 + 0.03818438970808553*I, 5.8219604128104026 + 0.0009022387622419478*I, 6.415068896898067 + 0.*I, 6.9630729424114515 + 0.*I, 7.3330533594295995 + 0.*I, 7.447537286349782 + 1.9605044826293583*^-9*I, 7.283892780402767 + 8.23427345098554*^-7*I, 6.874014256091769 + 0.000057042456672713724*I, 6.304046577286341 + 0.0013678910050453164*I, 5.723777784494257 + 0.013863490813933586*I}","{5.6330949304836935 + 0.0009022387622419539*I, 5.669406688262548 + 0.010553808634862608*I, 6.140469867882363 + 0.*I, 6.696332402293613 + 0.*I, 7.147913340252971 + 0.*I, 7.387438152493582 + 0.*I, 7.3646066736474785 + 0.*I, 7.084196253189653 + 5.072405905074502*^-10*I, 6.6062900820394095 + 1.3177224312539873*^-7*I, 6.050332647257027 + 0.000014338412517495346*I}","{5.9339741314671475 + 0.*I, 5.848240584778154 + 0.*I, 5.982698524785558 + 7.782736935902214*^-13*I, 6.414322318854018 + 0.*I, 6.873761784516772 + 0.*I, 7.1957580208289125 + 0.*I, 7.2984825409890695 + 0.*I, 7.158353659131086 + 0.*I, 6.8074563135182515 + 0.*I, 6.337089136151987 + 0.*I}","{6.208125513371252 + 0.*I, 6.130250455580122 + 0.*I, 6.140469655244738 + 0.*I, 6.235488056233701 + 0.010554153408810218*I, 6.572882149545241 + 0.0009023145437769273*I, 6.909000817708077 + 0.000014340871022065328*I, 7.097315204066879 + 1.3180255465906522*^-7*I, 7.084194951501502 + 5.073862182246709*^-10*I, 6.873579156366288 + 0.*I, 6.528768205575297 + 0.*I}","{6.393265459634215 + 0.*I, 6.396990922784295 + 0.*I, 6.415068650152307 + 0.*I, 6.388041678790055 + 0.0009023145437769307*I, 6.380696595741934 + 0.03818494756426674*I, 6.582445856212924 + 0.01386404274765014*I, 6.79507090457623 + 0.0013679787736499587*I, 6.874011858803263 + 0.00005704702058087622*I, 6.792864004668941 + 8.23500423201127*^-7*I, 6.588866108653914 + 1.9607260243281905*^-9*I}","{6.451561839171383 + 1.96050448262936*^-9*I, 6.580328187641894 + 0.*I, 6.680877339081434 + 0.*I, 6.667972799569877 + 0.000014340871022065331*I, 6.526258308829911 + 0.013864042747650069*I, 6.397037793598983 + 0.07233837547466108*I, 6.456465311966425 + 0.03564475874895935*I, 6.561094766667706 + 0.005640172054222857*I, 6.578345342952124 + 0.000312150493851409*I, 6.506008906706945 + 3.7209702363891804*^-6*I}","{6.371634990950542 + 8.23427345098553*^-7*I, 6.6412143665219645 + 0.*I, 6.8673195169677665 + 0.*I, 6.940004843654855 + 1.3180255465906602*^-7*I, 6.8226010149193925 + 0.0013679787736499552*I, 6.540182969692601 + 0.03564475874895934*I, 6.284915074630031 + 0.09996900981873462*I, 6.225971796395896 + 0.051182025505690336*I, 6.266094314013474 + 0.008122934842669906*I, 6.294419426532203 + 0.000312148682918179*I}","{6.168493780582852 + 0.000057042456672713724*I, 6.567541260007446 + 5.072405905074497*^-10*I, 6.933927949053087 + 0.*I, 7.133621905032788 + 5.073862182246735*^-10*I, 7.108279283089732 + 0.00005704702058087612*I, 6.851549738337188 + 0.005640172054222864*I, 6.432709110339203 + 0.05118202550569033*I, 6.06797208113726 + 0.11052290464641709*I, 5.941681766510978 + 0.05118195372741192*I, 5.992878836520465 + 0.005640135183270969*I}","{5.882816235161946 + 0.0013678910050453198*I, 6.373925222241722 + 1.3177224312539897*^-7*I, 6.867320736824775 + 0.*I, 7.207296243282093 + 0.*I, 7.3114215623399295 + 8.235004232011253*^-7*I, 7.153090448006126 + 0.0003121504938514086*I, 6.7571217613413 + 0.00812293484266991*I, 6.225971899895498 + 0.05118195372741191*I, 5.793887796615401 + 0.09996883743176065*I, 5.681512184213828 + 0.03564458032698582*I}","{5.586473412191785 + 0.01386349081393362*I, 6.101893757281265 + 0.000014338412517495343*I, 6.680879529280434 + 0.*I, 7.146411262313024 + 0.*I, 7.391349636146828 + 1.9607260243281917*^-9*I, 7.364679981582871 + 3.720970236389194*^-6*I, 7.069372843681954 + 0.0003121486829181799*I, 6.5610949397269085 + 0.005640135183270982*I, 5.965438154035752 + 0.03564458032698584*I, 5.538367019798615 + 0.07233809654657071*I}"
"{5.401062948572555 + 0.07233781761799893*I, 5.775336694029413 + 0.013863705951131665*I, 6.39412058718829 + 0.000014338903427257151*I, 6.95473020639098 + 0.*I, 7.331250665769612 + 0.*I, 7.447537277541501 + 1.960601862925335*^-9*I, 7.280963604769057 + 3.720800723290713*^-6*I, 6.862637822848825 + 0.0003121381830449669*I, 6.276807726997127 + 0.005639988186475565*I, 5.681514717327784 + 0.03564398285458485*I}","{5.586471211702703 + 0.013863705951131696*I, 5.629774889784387 + 0.038184389708085666*I, 6.114189695914613 + 0.0009022387622419489*I, 6.688921560507346 + 0.*I, 7.147913413166637 + 0.*I, 7.389240906812615 + 0.*I, 7.363819628623606 + 1.9605044826294944*^-9*I, 7.077155466459461 + 8.234273450985547*^-7*I, 6.589724122707251 + 0.00005704245667271376*I, 6.020120607464419 + 0.0013678910050453218*I}","{5.91302582175737 + 0.000014338903427257143*I, 5.821960412810403 + 0.0009022387622419452*I, 5.961635971366759 + 0.010553808634862494*I, 6.414322531491644 + 0.*I, 6.881172873048798 + 0.*I, 7.204100887635984 + 0.*I, 7.303720494767407 + 0.*I, 7.157869359704172 + 0.*I, 6.799906119805135 + 5.07240590507459*^-10*I, 6.322364112217485 + 1.3177224312539468*^-7*I}","{6.199782777350778 + 0.*I, 6.1228396137938566 + 0.*I, 6.140469867882363 + 0.*I, 6.256551188394838 + 7.781139879303792*^-13*I, 6.599162789609204 + 0.*I, 6.929949331899786 + 0.*I, 7.112040363102737 + 0.*I, 7.091745227045763 + 0.*I, 6.874063525746566 + 0.*I, 6.523530343696328 + 0.*I}","{6.391462765974228 + 0.*I, 6.396990995697961 + 0.*I, 6.422479738684334 + 0.*I, 6.414322318854018 + 0.*I, 6.420328526988886 + 0.01055415340881033*I, 6.629069696928254 + 0.0009023145437769339*I, 6.8252831599818995 + 0.000014340871022065236*I, 6.8905778901235735 + 1.3180255465906832*^-7*I, 6.799904818116985 + 5.073862182247267*^-10*I, 6.589653186544365 + 0.*I}","{6.451561830363103 + 1.9606018629253375*^-9*I, 6.582130941960925 + 0.*I, 6.689220205888505 + 0.*I, 6.688921313761586 + 0.*I, 6.572882149545241 + 0.0009023145437769295*I, 6.4368841431249475 + 0.038184947564266755*I, 6.498728198486749 + 0.013864042747650093*I, 6.588333590632924 + 0.0013679787736499503*I, 6.589721725418743 + 0.00005704702058087611*I, 6.5089380348470165 + 8.235004232011237*^-7*I}","{6.368705815316834 + 3.7208007232907053*^-6*I, 6.640427321498093 + 1.960504482629484*^-9*I, 6.872557470746104 + 0.*I, 6.954730002690712 + 0.*I, 6.852813270325062 + 0.000014340871022065213*I, 6.582445856212924 + 0.01386404274765011*I, 6.313320135872807 + 0.07233837547466128*I, 6.249727998023117 + 0.03564475874895944*I, 6.276804633283186 + 0.005640172054222898*I, 6.294419373130201 + 0.0003121504938514084*I}","{6.157117347339909 + 0.00031213818304496693*I, 6.560500473277253 + 8.234273450985536*^-7*I, 6.9334436496261755 + 0.*I, 7.141172180577047 + 0.*I, 7.124845314410042 + 1.3180255465906752*^-7*I, 6.878788562302407 + 0.0013679787736499472*I, 6.456465311966423 + 0.03564475874895947*I, 6.078177760686724 + 0.09996900981873445*I, 5.941681663011375 + 0.051182025505690454*I, 5.98216834419155 + 0.008122934842669882*I}","{5.85557738487273 + 0.005639988186475575*I, 6.357359262909562 + 0.00005704245667271383*I, 6.859770543111658 + 5.072405905074583*^-10*I, 7.2077806126623685 + 0.*I, 7.3184623757879725 + 5.073862182247231*^-10*I, 7.164466830472745 + 0.000057047020580876085*I, 6.767832080611012 + 0.00564017205422291*I, 6.225971796395896 + 0.05118202550569048*I, 5.78368194775274 + 0.11052290464641727*I, 5.657755796689055 + 0.05118195372741179*I}","{5.544210345025312 + 0.035643982854584914*I, 6.071681717488654 + 0.0013678910050453224*I, 6.666154505345933 + 1.317722431253948*^-7*I, 7.141173400434055 + 0.*I, 7.392136714037277 + 0.*I, 7.367609109722943 + 8.235004232011265*^-7*I, 7.069372790279951 + 0.000312150493851409*I, 6.5503844473979935 + 0.008122934842669903*I, 5.94168176651098 + 0.051181953727411814*I, 5.509961826793477 + 0.09996883743176062*I}"
"{5.372657623805524 + 0.09996866504352728*I, 5.733073583636711 + 0.03564440190432426*I, 6.363908410205781 + 0.0013679240806715642*I, 6.940005124660724 + 1.3177756951452998*^-7*I, 7.326012764785756 + 0.*I, 7.4483243171995435 + 0.*I, 7.28389268697234 + 8.234694041928579*^-7*I, 6.862637716045512 + 0.0003121418049114283*I, 6.266097199882008 + 0.008122779963680597*I, 5.657758211580502 + 0.05118134467707764*I}","{5.5442081013100015 + 0.035644401904324316*I, 5.589928430899263 + 0.07233781761799918*I, 6.067565977133622 + 0.01386370595113171*I, 6.667973250797569 + 0.000014338903427256667*I, 7.139570677146164 + 0.*I, 7.387438213152627 + 0.*I, 7.363819619815326 + 1.9606018629253652*^-9*I, 7.0742262908257505 + 3.7208007232907277*^-6*I, 6.578347689464307 + 0.00031213818304496606*I, 5.992881757175202 + 0.0056399881864755905*I}","{5.882813644774861 + 0.0013679240806715653*I, 5.775336694029412 + 0.013863705951131709*I, 5.922004172888597 + 0.03818438970808565*I, 6.388042359523895 + 0.0009022387622419394*I, 6.873762031262532 + 0.*I, 7.20410096054965 + 0.*I, 7.3055232490864395 + 0.*I, 7.1570823146803 + 1.9605044826295064*^-9*I, 6.792865333074941 + 8.234273450985454*^-7*I, 6.305798152885325 + 0.00005704245667271357*I}","{6.185057695620524 + 1.3177756951453048*^-7*I, 6.10189130408408 + 0.000014338903427256623*I, 6.114189695914613 + 0.0009022387622419344*I, 6.235488634976037 + 0.010553808634862447*I, 6.5991630022468275 + 0.*I, 6.937360420431811 + 0.*I, 7.12038322990981 + 0.*I, 7.0969831808241 + 0.*I, 6.873579226319654 + 0.*I, 6.515980149983209 + 5.072405905074651*^-10*I}","{6.38622486499037 + 0.*I, 6.388648259677488 + 0.*I, 6.415068896898067 + 0.*I, 6.414322531491643 + 0.*I, 6.441391659150023 + 7.782317305531389*^-13*I, 6.655350336992215 + 0.*I, 6.84623167417361 + 0.*I, 6.90530304915943 + 0.*I, 6.807455093661243 + 0.*I, 6.590137555924641 + 0.*I}","{6.4523488700211455 + 0.*I, 6.580328248300936 + 0.*I, 6.689220278802171 + 0.*I, 6.6963324022936135 + 0.*I, 6.599162789609203 + 0.*I, 6.476516074371899 + 0.010554153408810286*I, 6.54535203920208 + 0.0009023145437769355*I, 6.618545846038593 + 0.000014340871022065645*I, 6.606287756739052 + 1.3180255465906956*^-7*I, 6.51597884829506 + 5.073862182247027*^-10*I}","{6.371634897520117 + 8.234694041928564*^-7*I, 6.640427312689812 + 1.960601862925358*^-9*I, 6.874360225065136 + 0.*I, 6.963072869497784 + 0.*I, 6.8737617845167716 + 0.*I, 6.629069696928252 + 0.0009023145437769335*I, 6.353166485398771 + 0.03818494756426685*I, 6.291990884543443 + 0.013864042747650109*I, 6.3040434572484045 + 0.001367978773649971*I, 6.305795755596818 + 0.000057047020580877244*I}","{6.157117240536596 + 0.0003121418049114284*I, 6.557571297643544 + 3.7208007232907193*^-6*I, 6.932656604602302 + 1.9605044826295076*^-9*I, 7.146410134355384 + 0.*I, 7.139570473445899 + 0.*I, 6.909000817708076 + 0.000014340871022065651*I, 6.498728198486749 + 0.01386404274765012*I, 6.1065828219295 + 0.07233837547466114*I, 5.965437864638599 + 0.035644758748959504*I, 5.992878663461262 + 0.0056401720542229115*I}","{5.84486685775761 + 0.00812277996368061*I, 6.345982829666618 + 0.00031213818304496596*I, 6.852729756381462 + 8.234273450985474*^-7*I, 7.207296313235455 + 0.*I, 7.326012651332232 + 0.*I, 7.181032861793055 + 1.3180255465906993*^-7*I, 6.79507090457623 + 0.001367978773649974*I, 6.249727998023118 + 0.03564475874895954*I, 5.793887627302206 + 0.09996900981873455*I, 5.657755693189452 + 0.05118202550569033*I}","{5.520453839278028 + 0.05118134467707774*I, 6.044442867199439 + 0.0056399881864755905*I, 6.6495885460137725 + 0.000057042456672713534*I, 7.1336232067209355 + 5.072405905074672*^-10*I, 7.392621083417554 + 0.*I, 7.374649923170986 + 5.073862182247089*^-10*I, 7.080749172746569 + 0.00005704702058087738*I, 6.561094766667706 + 0.0056401720542229175*I, 5.9416816630113765 + 0.051182025505690364*I, 5.499755977930813 + 0.11052290464641733*I}"
"{5.3624516056298255 + 0.1105229046448605*I, 5.7093170102146 + 0.0511818819479608*I, 6.3366694027093295 + 0.005640098312049697*I, 6.923439070281527 + 0.00005704418280116126*I, 7.318462509236894 + 5.072656887375561*^-10*I, 7.4488086308010635 + 0.*I, 7.290933433685185 + 5.073611198907173*^-10*I, 6.874013998146589 + 0.00005704529444695893*I, 6.276807380880101 + 0.00564006192837943*I, 5.657758004581658 + 0.05118148823363475*I}","{5.520451527887893 + 0.05118188194796087*I, 5.561523106132233 + 0.09996866504352749*I, 6.0253028667409225 + 0.03564440190432431*I, 6.637761073815062 + 0.0013679240806715677*I, 7.12484559541591 + 1.3177756951453268*^-7*I, 7.382200312168768 + 0.*I, 7.364606659473369 + 0.*I, 7.077155373029035 + 8.234694041928601*^-7*I, 6.578347582660994 + 0.0003121418049114269*I, 5.982171230060084 + 0.008122779963680611*I}","{5.85557463727841 + 0.005640098312049696*I, 5.733073583636712 + 0.03564440190432426*I, 5.882157714003474 + 0.07233781761799908*I, 6.341418640742904 + 0.013863705951131676*I, 6.852813721552756 + 0.000014338903427257155*I, 7.195758224529179 + 0.*I, 7.303720555426451 + 0.*I, 7.157082305872018 + 1.960601862925389*^-9*I, 6.7899361574412325 + 3.7208007232907117*^-6*I, 6.294421719642382 + 0.00031213818304496764*I}","{6.168491641241329 + 0.00005704418280116119*I, 6.071679127101571 + 0.001367924080671564*I, 6.067565977133624 + 0.013863705951131644*I, 6.195856836497877 + 0.03818438970808546*I, 6.572882830279078 + 0.0009022387622419463*I, 6.929949578645546 + 0.*I, 7.120383302823475 + 0.*I, 7.098785935143132 + 0.*I, 6.872792181295781 + 1.960504482629464*^-9*I, 6.508939363253016 + 8.234273450985552*^-7*I}","{6.378674609441508 + 5.07265688737555*^-10*I, 6.373923177947234 + 1.3177756951453244*^-7*I, 6.39412058718829 + 0.000014338903427257082*I, 6.388042359523894 + 0.000902238762241948*I, 6.4203291057312235 + 0.010553808634862483*I, 6.655350549629841 + 0.*I, 6.853642762705636 + 0.*I, 6.913645915966503 + 0.*I, 6.812693047439581 + 0.*I, 6.589653256497729 + 0.*I}","{6.452833183622666 + 0.*I, 6.575090347317079 + 0.*I, 6.680877542781699 + 0.*I, 6.6889215605073495 + 0.*I, 6.599163002246828 + 0.*I, 6.497579206533038 + 7.782083180918261*^-13*I, 6.571632679266042 + 0.*I, 6.639494360230303 + 0.*I, 6.6210129157749105 + 0.*I, 6.523529123839319 + 0.*I}","{6.378675644232963 + 5.073611198907148*^-10*I, 6.641214352347855 + 0.*I, 6.872557531405148 + 0.*I, 6.9630729424114515 + 0.*I, 6.881172873048798 + 0.*I, 6.655350336992217 + 0.*I, 6.392798416645723 + 0.010554153408810446*I, 6.338614725258772 + 0.0009023145437769322*I, 6.3342557126540715 + 0.000014340871022065673*I, 6.322361786917129 + 1.3180255465907094*^-7*I}","{6.168493522637673 + 0.000057045294446958915*I, 6.560500379846828 + 8.234694041928597*^-7*I, 6.932656595794022 + 1.9606018629253797*^-9*I, 7.148212888674416 + 0.*I, 7.147913340252971 + 0.*I, 6.929949331899786 + 0.*I, 6.545352039202079 + 0.0009023145437769293*I, 6.146429171455466 + 0.038184947564266734*I, 6.007700751158923 + 0.013864042747650136*I, 6.02011748742648 + 0.0013679787736499598*I}","{5.855577038755703 + 0.005640061928379441*I, 6.345982722863306 + 0.0003121418049114271*I, 6.8498005807477576 + 3.7208007232907227*^-6*I, 7.206509268211581 + 1.960504482629476*^-9*I, 7.33125060511057 + 0.*I, 7.195758020828913 + 0.*I, 6.8252831599818995 + 0.000014340871022065707*I, 6.291990884543443 + 0.013864042747650159*I, 5.82229268854498 + 0.07233837547466118*I, 5.6815118948166745 + 0.0356447587489594*I}","{5.520453632279185 + 0.05118148823363482*I, 6.033732340084321 + 0.00812277996368061*I, 6.63821211277083 + 0.0003121381830449679*I, 7.1265824199907435 + 8.234273450985568*^-7*I, 7.392136783990641 + 0.*I, 7.382200198715245 + 0.*I, 7.097315204066879 + 1.3180255465907237*^-7*I, 6.588333590632924 + 0.001367978773649963*I, 5.965437864638599 + 0.035644758748959414*I, 5.5099616574802806 + 0.09996900981873459*I}"
"{5.372657115865934 + 0.099969182204449*I, 5.709316699715789 + 0.051182097282796435*I, 6.325958737321605 + 0.00812293484228841*I, 6.912062536672775 + 0.0003121468719553681*I, 7.3114216557713965 + 8.234583639532182*^-7*I, 7.448324275595238 + 0.*I, 7.2984836473934385 + 0.*I, 6.890579934419396 + 1.3179722826993636*^-7*I, 6.304046047637584 + 0.0013679456979765437*I, 5.681514138531286 + 0.03564433969853203*I}","{5.52045121738908 + 0.051182097282796525*I, 5.551317087956533 + 0.1105229046448607*I, 6.00154629331881 + 0.051181881947960854*I, 6.61052206631861 + 0.0056400983120496895*I, 7.108279541036714 + 0.00005704418280116097*I, 7.374650056619907 + 5.072656887375259*^-10*I, 7.365090973074888 + 0.*I, 7.084196119741879 + 5.073611198907573*^-10*I, 6.589723864762069 + 0.000057045294446958115*I, 5.992881411058176 + 0.005640061928379449*I}","{5.844863971890686 + 0.008122934842288421*I, 5.709317010214601 + 0.05118188194796082*I, 5.853752389236442 + 0.09996866504352742*I, 6.299155530350203 + 0.03564440190432422*I, 6.822601544570246 + 0.0013679240806715677*I, 7.181033142798923 + 1.3177756951453067*^-7*I, 7.298482654442593 + 0.*I, 7.157869345530061 + 0.*I, 6.792865239644517 + 8.23469404192848*^-7*I, 6.294421612839069 + 0.00031214180491142624*I}","{6.157115107632576 + 0.0003121468719553683*I, 6.04444011960512 + 0.005640098312049685*I, 6.0253028667409225 + 0.035644401904324184*I, 6.156010377612755 + 0.07233781761799896*I, 6.526259111498088 + 0.013863705951131663*I, 6.909001268935769 + 0.000014338903427257033*I, 7.112040566803002 + 0.*I, 7.096983241483144 + 0.*I, 6.8727921724874985 + 1.96060186292534*^-9*I, 6.506010187619307 + 3.7208007232906977*^-6*I}","{6.371633755976012 + 8.234583639532194*^-7*I, 6.357357123568037 + 0.000057044182801160823*I, 6.363908410205781 + 0.001367924080671567*I, 6.341418640742901 + 0.01386370595113169*I, 6.380697307253063 + 0.03818438970808555*I, 6.629070377662092 + 0.0009022387622419533*I, 6.8462319209193705 + 0.*I, 6.913645988880168 + 0.*I, 6.814495801758612 + 0.*I, 6.588866211473856 + 1.960504482629406*^-9*I}","{6.452348828416839 + 0.*I, 6.567540091768216 + 5.072656887375268*^-10*I, 6.666152461051444 + 1.3177756951452985*^-7*I, 6.667973250797569 + 0.0000143389034272571*I, 6.572882830279079 + 0.0009022387622419475*I, 6.476516653114237 + 0.010553808634862449*I, 6.5716328919036675 + 0.*I, 6.646905448762331 + 0.*I, 6.629355782581982 + 0.*I, 6.528767077617657 + 0.*I}","{6.3862258579412154 + 0.*I, 6.641698665949375 + 0.*I, 6.867319630421289 + 0.*I, 6.954730206390979 + 0.*I, 6.873762031262532 + 0.*I, 6.655350549629842 + 0.*I, 6.41386154880686 + 7.783082932039407*^-13*I, 6.364895365322733 + 0.*I, 6.355204226845784 + 0.*I, 6.337086945952986 + 0.*I}","{6.1850594589104775 + 1.3179722826993577*^-7*I, 6.567541126559672 + 5.073611198907534*^-10*I, 6.9334436354520665 + 0.*I, 7.146410195014429 + 0.*I, 7.147913413166637 + 0.*I, 6.937360420431813 + 0.*I, 6.57163267926604 + 0.*I, 6.186061102702418 + 0.010554153408810298*I, 6.05432459187425 + 0.0009023145437769372*I, 6.050329742832147 + 0.00001434087102206561*I}","{5.882815705513187 + 0.001367945697976548*I, 6.3573590049643816 + 0.000057045294446958196*I, 6.852729662951036 + 8.234694041928502*^-7*I, 7.206509259403302 + 1.9606018629253375*^-9*I, 7.3330533594296 + 0.*I, 7.204100887635984 + 0.*I, 6.84623167417361 + 0.*I, 6.338614725258774 + 0.0009023145437769386*I, 5.862139038070945 + 0.03818494756426681*I, 5.723774781336999 + 0.013864042747650096*I}","{5.544209766228813 + 0.03564433969853207*I, 6.044442521082412 + 0.005640061928379448*I, 6.638212005967517 + 0.0003121418049114264*I, 7.123653244357033 + 3.7208007232907002*^-6*I, 7.391349738966769 + 1.9605044826294104*^-9*I, 7.387438152493583 + 0.*I, 7.112040363102737 + 0.*I, 6.618545846038593 + 0.000014340871022065651*I, 6.0077007511589215 + 0.013864042747650093*I, 5.538366718723056 + 0.07233837547466125*I}"
"{5.40106204534586 + 0.0723386544022707*I, 5.733072715445239 + 0.03564493717024496*I, 6.336668883531727 + 0.005640208924905482*I, 6.912062376466771 + 0.0003121523047550582*I, 7.308492434200299 + 3.720970235683214*^-6*I, 7.447537192338515 + 1.9606286432372125*^-9*I, 7.303721562066396 + 0.*I, 6.90530503565876 + 0.*I, 6.334258165852937 + 0.00001434038011399994*I, 5.723776981826991 + 0.013863827610451978*I}","{5.544207233118529 + 0.035644937170245014*I, 5.561522598192643 + 0.0999691822044492*I, 6.00154598282 + 0.051182097282796477*I, 6.599811400930885 + 0.008122934842288406*I, 7.0969030074279615 + 0.0003121468719553698*I, 7.367609203154411 + 8.234583639532302*^-7*I, 7.364606617869062 + 0.*I, 7.091746333450132 + 0.*I, 6.606289801034874 + 1.31797228269933*^-7*I, 6.020120077815658 + 0.0013679456979765507*I}","{5.855574118100806 + 0.005640208924905485*I, 5.709316699715789 + 0.05118209728279645*I, 5.843546371060743 + 0.11052290464486064*I, 6.275398956928093 + 0.05118188194796076*I, 6.795362537073795 + 0.005640098312049692*I, 7.164467088419728 + 0.00005704418280116179*I, 7.29093239889373 + 5.072656887375451*^-10*I, 7.158353659131583 + 0.*I, 6.799905986357361 + 5.073611198907468*^-10*I, 6.305797894940145 + 0.00005704529444695814*I}","{6.157114947426571 + 0.0003121523047550581*I, 6.033729454217395 + 0.008122934842288395*I, 6.001546293318812 + 0.051181881947960736*I, 6.127605052845723 + 0.09996866504352726*I, 6.483996001105387 + 0.03564440190432421*I, 6.8787890919532595 + 0.0013679240806715805*I, 7.097315485072749 + 1.3177756951453212*^-7*I, 7.091745340499287 + 0.*I, 6.873579212145543 + 0.*I, 6.508939269822591 + 8.23469404192846*^-7*I}","{6.368704534404915 + 3.720970235683204*^-6*I, 6.345980589959286 + 0.0003121468719553694*I, 6.3366694027093295 + 0.005640098312049692*I, 6.299155530350201 + 0.03564440190432424*I, 6.340850848367941 + 0.07233781761799898*I, 6.582446658881103 + 0.013863705951131731*I, 6.825283611209593 + 0.000014338903427257275*I, 6.905303252859696 + 0.*I, 6.812693108098625 + 0.*I, 6.588866202665575 + 1.960601862925416*^-9*I}","{6.451561745160117 + 1.9606286432372046*^-9*I, 6.560499238302721 + 8.234583639532271*^-7*I, 6.649586406672245 + 0.00005704418280116168*I, 6.63776107381506 + 0.001367924080671581*I, 6.526259111498088 + 0.013863705951131693*I, 6.436884854636077 + 0.03818438970808548*I, 6.545352719935917 + 0.0009022387622419447*I, 6.639494606976065 + 0.*I, 6.629355855495648 + 0.*I, 6.530569831936688 + 0.*I}","{6.391463772614172 + 0.*I, 6.641214310743549 + 0.*I, 6.859769374872426 + 5.07265688737549*^-10*I, 6.940005124660724 + 1.317775695145324*^-7*I, 6.852813721552756 + 0.00001433890342725722*I, 6.629070377662092 + 0.0009022387622419481*I, 6.392798995388061 + 0.010553808634862548*I, 6.364895577960359 + 0.*I, 6.362615315377809 + 0.*I, 6.345429812760059 + 0.*I}","{6.199784560149843 + 0.*I, 6.575091340267925 + 0.*I, 6.933927949053585 + 0.*I, 7.14117229403057 + 0.*I, 7.139570677146164 + 0.*I, 6.929949578645546 + 0.*I, 6.571632891903666 + 0.*I, 6.207124234863553 + 7.781630279156111*^-13*I, 6.080605231938213 + 0.*I, 6.071278257023859 + 0.*I}","{5.913027823728542 + 0.000014340380114000024*I, 6.373924941237189 + 1.3179722826993355*^-7*I, 6.8597704096638825 + 5.0736111989075*^-10*I, 7.207296299061346 + 0.*I, 7.331250665769613 + 0.*I, 7.204100960549651 + 0.*I, 6.853642762705636 + 0.*I, 6.364895365322731 + 0.*I, 5.901770969317898 + 0.010554153408810418*I, 5.770398622052328 + 0.000902314543776924*I}","{5.586472609524518 + 0.01386382761045201*I, 6.0716811878398955 + 0.0013679456979765498*I, 6.649588288068593 + 0.000057045294446958135*I, 7.1265823265603165 + 8.234694041928473*^-7*I, 7.391349730158487 + 1.9606018629254107*^-9*I, 7.389240906812615 + 0.*I, 7.120383229909808 + 0.*I, 6.639494360230303 + 0.*I, 6.054324591874252 + 0.000902314543776925*I, 5.578213068249021 + 0.03818494756426686*I}"
"{5.440908340191014 + 0.03818522649307872*I, 5.775335490027758 + 0.01386421114590929*I, 6.363907615730142 + 0.0013680061200684172*I, 6.923438683361608 + 0.0000570484394625276*I, 7.311421515624655 + 8.235214525946585*^-7*I, 7.447537179125601 + 1.9607747136809667*^-9*I, 7.3055243118794975 + 0.*I, 6.913647891043491 + 0.*I, 6.3552066331305905 + 0.*I, 5.770400741657368 + 0.0009022876583015918*I}","{5.586470007701049 + 0.013864211145909319*I, 5.589927527672571 + 0.07233865440227089*I, 6.02530199854945 + 0.03564493717024503*I, 6.6105215471410075 + 0.005640208924905486*I, 7.096902847221957 + 0.0003121523047550584*I, 7.364679981583314 + 3.720970235683231*^-6*I, 7.36381953461234 + 1.960628643237127*^-9*I, 7.096984248123089 + 0.*I, 6.621014902274242 + 0.*I, 6.050332196031012 + 0.000014340380114000283*I}","{5.882812850299223 + 0.001368006120068417*I, 5.73307271544524 + 0.03564493717024501*I, 5.853751881296855 + 0.09996918220444916*I, 6.275398646429278 + 0.05118209728279644*I, 6.78465187168607 + 0.008122934842288411*I, 7.1530905548109756 + 0.00031214687195536963*I, 7.283891545428235 + 8.234583639532168*^-7*I, 7.157869303925757 + 0.*I, 6.807456200065612 + 0.*I, 6.322363831212952 + 1.3179722826992995*^-7*I}","{6.1684912543214105 + 0.00005704843946252755*I, 6.044439600427517 + 0.0056402089249054715*I, 6.001545982819998 + 0.05118209728279639*I, 6.117399034670023 + 0.11052290464486052*I, 6.460239427683277 + 0.051181881947960764*I, 6.851550084456807 + 0.005640098312049706*I, 7.080749430693552 + 0.000057044182801161006*I, 7.084195084950425 + 5.072656887375493*^-10*I, 6.8740635257470615 + 0.*I, 6.515980016535435 + 5.073611198907097*^-10*I}","{6.37163361582927 + 8.235214525946583*^-7*I, 6.34598042975328 + 0.0003121523047550577*I, 6.325958737321605 + 0.008122934842288406*I, 6.275398956928091 + 0.05118188194796084*I, 6.312445523600909 + 0.09996866504352736*I, 6.540183548488403 + 0.03564440190432433*I, 6.795071434227084 + 0.0013679240806715703*I, 6.890578171129441 + 1.3177756951453236*^-7*I, 6.807455207114767 + 0.*I, 6.589653242323619 + 0.*I}","{6.451561731947201 + 1.9607747136809716*^-9*I, 6.557570016731623 + 3.7209702356832275*^-6*I, 6.638209873063495 + 0.0003121468719553691*I, 6.61052206631861 + 0.005640098312049698*I, 6.483996001105388 + 0.03564440190432427*I, 6.397038395750955 + 0.07233781761799904*I, 6.498729001154926 + 0.013863705951131648*I, 6.6185462972662865 + 0.000014338903427256828*I, 6.621013119475176 + 0.*I, 6.528767138276699 + 0.*I}","{6.3932665224272744 + 0.*I, 6.640427227486827 + 1.960628643237139*^-9*I, 6.852728521406931 + 8.23458363953219*^-7*I, 6.923439070281528 + 0.00005704418280116104*I, 6.822601544570246 + 0.0013679240806715677*I, 6.582446658881102 + 0.013863705951131676*I, 6.3531671969099 + 0.03818438970808565*I, 6.338615405992611 + 0.0009022387622419421*I, 6.355204473591543 + 0.*I, 6.345429885673725 + 0.*I}","{6.208127415534573 + 0.*I, 6.580329254940882 + 0.*I, 6.933443593847757 + 0.*I, 7.1336220384817075 + 5.072656887375504*^-10*I, 7.124845595415909 + 1.317775695145323*^-7*I, 6.909001268935769 + 0.0000143389034272568*I, 6.545352719935917 + 0.0009022387622419392*I, 6.186061681444755 + 0.010553808634862398*I, 6.080605444575841 + 0.*I, 6.078689345555887 + 0.*I}","{5.933976291006194 + 0.*I, 6.388650042476554 + 0.*I, 6.867320623372136 + 0.*I, 7.207780612662863 + 0.*I, 7.326012764785754 + 0.*I, 7.195758224529177 + 0.*I, 6.8462319209193705 + 0.*I, 6.364895577960361 + 0.*I, 5.922834101479033 + 7.78309939479093*^-13*I, 5.796679262116289 + 0.*I}","{5.633096369354895 + 0.0009022876583015957*I, 6.10189330605525 + 0.000014340380114000265*I, 6.666154224341399 + 1.317972282699299*^-7*I, 7.133623073273162 + 5.073611198907101*^-10*I, 7.392136769816531 + 0.*I, 7.387438213152626 + 0.*I, 7.120383302823475 + 0.*I, 6.646905448762331 + 0.*I, 6.080605231938213 + 0.*I, 5.617844999495972 + 0.01055415340881045*I}"
"{5.4805403378204955 + 0.010554325797673025*I, 5.821959391705581 + 0.0009023524347635736*I, 6.394119910345561 + 0.000014341854822014267*I, 6.940004703151698 + 1.318150472313357*^-7*I, 7.3184623090635625 + 5.074464828124092*^-10*I, 7.448324254332774 + 0.*I, 7.303721653053993 + 0.*I, 6.913648000413403 + 0.*I, 6.362617751725141 + 0.*I, 5.796681335779452 + 0.*I}","{5.6330939093788714 + 0.000902352434763578*I, 5.6297738225177225 + 0.0381852264930789*I, 6.06756477313197 + 0.013864211145909314*I, 6.637760279339422 + 0.001368006120068415*I, 7.108279154116794 + 0.000057048439462527546*I, 7.367609063007669 + 8.235214525946668*^-7*I, 7.363819521399424 + 1.960774713680825*^-9*I, 7.098786997936191 + 0.*I, 6.629357757658969 + 0.*I, 6.071280663308666 + 0.*I}","{5.913025144914641 + 0.00001434185482201426*I, 5.775335490027759 + 0.013864211145909291*I, 5.882156810776781 + 0.07233865440227086*I, 6.29915466215873 + 0.03564493717024498*I, 6.795362017896192 + 0.005640208924905485*I, 7.153090394604971 + 0.00031215230475505935*I, 7.280962323857136 + 3.720970235683222*^-6*I, 7.157082220669034 + 1.9606286432369813*^-9*I, 6.812694114738568 + 0.*I, 6.337088932452317 + 0.*I}","{6.185057274111498 + 1.3181504723133585*^-7*I, 6.0716783326259325 + 0.0013680061200684096*I, 6.02530199854945 + 0.035644937170244924*I, 6.127604544906133 + 0.09996918220444904*I, 6.4602391171844635 + 0.05118209728279645*I, 6.8408394190690816 + 0.008122934842288437*I, 7.069372897084798 + 0.00031214687195536893*I, 7.077154231484927 + 8.234583639532239*^-7*I, 6.873579170541236 + 0.*I, 6.523530230243688 + 0.*I}","{6.378674409268178 + 5.074464828124109*^-10*I, 6.357356736648118 + 0.00005704843946252744*I, 6.336668883531727 + 0.005640208924905485*I, 6.275398646429279 + 0.051182097282796477*I, 6.302239505425209 + 0.1105229046448606*I, 6.516426975066289 + 0.05118188194796094*I, 6.7678324267306325 + 0.005640098312049697*I, 6.874012116750244 + 0.000057044182801161006*I, 6.799904951565905 + 5.07265688737521*^-10*I, 6.590137555925136 + 0.*I}","{6.452348807154376 + 0.*I, 6.56049909815598 + 8.235214525946651*^-7*I, 6.638209712857492 + 0.0003121523047550592*I, 6.599811400930884 + 0.008122934842288421*I, 6.460239427683277 + 0.051181881947960826*I, 6.368633070983921 + 0.09996866504352736*I, 6.456465890762224 + 0.03564440190432421*I, 6.588334120283777 + 0.0013679240806715642*I, 6.606288037744921 + 1.317775695145339*^-7*I, 6.523529237292842 + 0.*I}","{6.3914638636017695 + 0.*I, 6.6404272142739105 + 1.960774713680826*^-9*I, 6.8497992998358335 + 3.7209702356832275*^-6*I, 6.912062536672775 + 0.00031214687195536974*I, 6.795362537073794 + 0.0056400983120496965*I, 6.5401835484884 + 0.03564440190432423*I, 6.3133207380247764 + 0.07233781761799915*I, 6.291991687211619 + 0.013863705951131677*I, 6.334256163881767 + 0.000014338903427257341*I, 6.337087149653251 + 0.*I}","{6.208127524904486 + 0.*I, 6.582132004753984 + 0.*I, 6.932656510591036 + 1.960628643236986*^-9*I, 7.126581185016211 + 8.23458363953223*^-7*I, 7.108279541036713 + 0.000057044182801160905*I, 6.878789091953261 + 0.001367924080671566*I, 6.498729001154925 + 0.013863705951131691*I, 6.1464298829665935 + 0.03818438970808551*I, 6.054325272608089 + 0.0009022387622419567*I, 6.071278503769619 + 0.*I}","{5.941387409600745 + 0.*I, 6.396992897861283 + 0.*I, 6.872558538045093 + 0.*I, 7.207296257457038 + 0.*I, 7.318462509236893 + 5.072656887375221*^-10*I, 7.181033142798923 + 1.317775695145342*^-7*I, 6.825283611209592 + 0.000014338903427257328*I, 6.338615405992609 + 0.0009022387622419569*I, 5.901771548060234 + 0.010553808634862575*I, 5.796679474753915 + 0.*I}","{5.659376963476979 + 0.*I, 6.122841773332903 + 0.*I, 6.680879325580763 + 0.*I, 7.141173286981415 + 0.*I, 7.392621083418049 + 0.*I, 7.382200312168768 + 0.*I, 7.112040566803001 + 0.*I, 6.639494606976063 + 0.*I, 6.0806054445758395 + 0.*I, 5.638908131657108 + 7.783509647386009*^-13*I}"